1,2e1ba951-1cdf-4500-b5f1-0116d9e391a6,Maurine,Northcott,,+351 (303) 785-2978,mnorthcott0@google.nl,iPQH1nx
2,e3547fad-bbd6-4140-af72-53a5d52d1616,Neils,Barsby,,+57 (967) 129-5680,nbarsby1@washington.edu,NPBJ0S9fAa
3,3004286a-bbd7-4a1e-b0c5-12a4a0bffd1e,Ragnar,McGing,,+1 (957) 433-3691,rmcging2@com.com,uxvFvv
4,ab9e816d-bbb9-43fc-b024-92df91c47c36,Leelah,Deighan,,+7 (546) 558-4922,ldeighan3@stanford.edu,HA0riI
5,7e04aff6-96c2-4ff6-beb8-025ef5626c1c,Elyse,Addington,eaddington4,+994 (336) 263-9348,eaddington4@chron.com,K33OsAmMGjZ
6,551b0e19-0437-42aa-9071-fc3832b457b5,Courtney,Dightham,,+63 (279) 347-0079,cdightham5@google.co.uk,RNqYctCNJ
7,cf6bab64-f894-451e-a2d1-7efa498b2655,Chuck,Breznovic,,+66 (121) 975-6290,cbreznovic6@stanford.edu,1faWDoDLv
8,8f9b1ade-8a76-46d7-bcef-9b38438d95fe,Raffaello,Caroll,rcaroll7,+963 (591) 979-7121,rcaroll7@weibo.com,es3s0hYu8Ph
9,3a825097-d937-4d7c-9b54-936bd9438e3e,Clari,Ellicock,cellicock8,+52 (161) 264-3678,cellicock8@mashable.com,pXdPJYPoD0pd
10,e9e86d0d-7f60-454f-b518-4a86d2ed0724,Ricky,Youles,,+33 (907) 517-1533,ryoules9@nhs.uk,EPea2xUj
11,efd1ecc4-e66d-466d-a1bb-14812eb4ddc9,Renelle,Halhead,,+351 (585) 755-1134,rhalheada@skype.com,t0watd
12,89b64812-e026-4b31-b5be-613ebdc0cef3,Peggi,Tassell,,+34 (148) 822-4817,ptassellb@apple.com,6vx7klj
13,96d5a0a2-a80f-4db1-9a43-ce94e295b68c,Gracia,Farnon,gfarnonc,+86 (404) 879-8501,gfarnonc@theguardian.com,0BzYcW
14,3f271d49-55d1-4aa6-9f48-98c0b1b68ae9,Alex,Dewett,,+52 (554) 969-7499,adewettd@newsvine.com,XM9YzSZvka
15,dbc7d1d8-52f3-48c6-9dfa-74ef2b290f7b,Barnabe,Blezard,,+380 (106) 347-9144,bblezarde@noaa.gov,Ngg9BQdC
16,375200d4-5c23-4d92-9582-5ea979507047,Albie,Lynn,alynnf,+387 (554) 740-1341,alynnf@yellowpages.com,3Lb42xL
17,999ccf7d-1a0b-4851-b906-384f04c3e132,Diena,Sleaford,dsleafordg,+7 (336) 985-6815,dsleafordg@technorati.com,2vbspN7fo
18,6530b24b-e4dd-4f3f-92fe-0130a5ff75e7,Petr,Forcer,,+27 (417) 973-8703,pforcerh@bbc.co.uk,57D6zdj
19,6888284c-9833-449a-9d7b-8184850defef,Bambi,Boyack,bboyacki,+420 (452) 130-3531,bboyacki@flavors.me,aBApYzNsORl
20,cc35ca66-bff2-4924-877e-1812616cee3c,Yvonne,Marcoolyn,ymarcoolynj,+251 (512) 533-8895,ymarcoolynj@zimbio.com,Em5avDE4n
21,0613a0d8-f72e-471a-b2ec-7351a208173b,Bel,Trigwell,btrigwellk,+34 (507) 964-5794,btrigwellk@odnoklassniki.ru,HMCOrtsVu
22,9604e7d7-f392-4885-a4d5-b01b14d2d580,Denni,Abrashkin,,+7 (771) 607-4634,dabrashkinl@cnet.com,gYrNkad32k
23,66e19bb4-3061-461a-9e75-d8b913e9674e,Gaelan,Cahillane,gcahillanem,+30 (588) 611-0902,gcahillanem@si.edu,QNi7kf7C
24,0f97c299-faaa-4955-a7b6-fa8166523750,Shurlock,Moakler,smoaklern,+598 (914) 786-7845,smoaklern@macromedia.com,8bspzNlUq9t6
25,5fc14d41-1b59-4638-a5ae-d981d0091182,Costanza,Yokel,,+351 (662) 324-9022,cyokelo@i2i.jp,EKGJsQY4Z
26,f6d9f343-0fb7-4a66-bfdf-6e9215b6c333,Lillian,Leguay,,+7 (245) 627-5813,lleguayp@technorati.com,Gb9B4sP4Xq
27,22d87fe1-5d56-4d30-b98f-bc648c696607,Cindie,Dare,,+51 (922) 878-4917,cdareq@pen.io,xWIiX5qTeipN
28,e6110723-0c26-4beb-928d-23726a4e8e87,Madge,Wisdom,,+53 (170) 871-9024,mwisdomr@etsy.com,HkSbgdUEfSx1
29,e0b83b7f-3f4d-4cc9-8348-ad6fe5ddfe61,Martie,Candelin,,+381 (773) 994-6192,mcandelins@discuz.net,VAla6qI8o
30,d249507e-b3a3-4af7-9bd5-dc26a6d1216c,Dyanne,Bowlas,,+86 (689) 945-6304,dbowlast@state.tx.us,hGU60LZBaFBY
31,bd04d49c-5d2a-4e2e-a3a7-9b98f36c4961,Olimpia,Smedmoor,,+51 (270) 770-0575,osmedmooru@gmpg.org,mOMMjsBlZaJj
32,481ac680-4160-4ee2-89d7-295ea99ffeec,Skylar,Taggert,staggertv,+46 (681) 175-0593,staggertv@prweb.com,TLbDhq
33,3da67ea5-4c9b-47fa-9a78-de240bdd42b8,Lethia,Finessy,lfinessyw,+86 (598) 547-4548,lfinessyw@behance.net,SO6y78o
34,d9ba4e39-a098-4a1e-9245-d6ad164fb455,Oralie,Loughlin,,+48 (331) 348-3586,oloughlinx@globo.com,NXyc6eZM
35,50a35d82-12fd-4ee1-b107-043639be3a17,Kelley,Nulty,,+33 (634) 340-2073,knultyy@posterous.com,he1sl8
36,a2a4d842-aea4-479f-91f5-99a4ec446009,Lay,Acklands,,+1 (312) 239-9796,lacklandsz@cargocollective.com,tunAMmzWO0
37,9a8d413b-d971-4b6d-a776-73548d8395a0,Katharina,Waylett,kwaylett10,+86 (506) 817-0967,kwaylett10@cbslocal.com,5CvQ4Wq
38,235ef09f-c270-4fba-b132-0eba2fef4cc2,Costa,Daughtrey,cdaughtrey11,+62 (638) 829-2578,cdaughtrey11@weibo.com,X8069FeAwDT
39,56df93bd-8c3d-40e0-b87d-a66ede6bb263,Trish,Myner,,+86 (240) 872-1185,tmyner12@twitpic.com,gKcp2cC40
40,7938d952-2053-4baf-80f2-9b4b26717933,Jordon,Zaniolini,,+1 (503) 294-2108,jzaniolini13@deviantart.com,63yka9Fba
41,4765f2ba-fee4-4946-aca1-0dbdb9792e59,Janenna,Schulz,,+62 (994) 899-0153,jschulz14@umich.edu,sL2SMewUX9x
42,fa24fc9f-a187-46f8-b03d-76a082a13e4f,Dare,Foucard,dfoucard15,+63 (333) 710-4543,dfoucard15@twitter.com,4pH9LX
43,2fdc6014-422a-47eb-a12f-9c840ed0acd2,Dynah,Gabbat,,+353 (791) 420-4946,dgabbat16@4shared.com,YD36nudf02j
44,8aa4629f-70ce-4a75-a6be-30901470e745,Rhona,Cossar,rcossar17,+63 (932) 953-0208,rcossar17@reuters.com,g7GWSsu4SzsP
45,298f5958-21c7-4a7d-a327-5e952b594006,Mercedes,O'Crowley,,+234 (783) 129-5055,mocrowley18@ftc.gov,VA77UcBdWWoQ
46,58256b12-7aa6-412d-bb34-3e0ca804ac4a,Huntington,Geggus,hgeggus19,+62 (116) 652-7966,hgeggus19@dion.ne.jp,B4yf5vu
47,84b026de-f928-4462-a89a-50104366ba99,Alexia,Shilton,,+234 (667) 387-2088,ashilton1a@mac.com,zKqAMoR
48,a1db0083-d019-48de-81b4-114047c880bb,Aidan,Worton,aworton1b,+81 (747) 736-0622,aworton1b@ebay.com,wvWcXVetd
49,59604ceb-2907-4343-b4f9-e39ac3e32553,Frieda,Sibun,fsibun1c,+55 (699) 652-1697,fsibun1c@jugem.jp,7tUSfRM1EUP
50,fe1b3689-19de-47a6-846e-adf7299a75fc,Odette,Rigeby,,+30 (557) 693-9733,origeby1d@clickbank.net,B8KWVtYr1S
51,7c777387-c86b-4bb2-ba81-6f6126b1b526,Keely,Oherlihy,,+358 (312) 802-3750,koherlihy1e@people.com.cn,lomzURV
52,83f537d0-0b2f-4be8-80f5-c457298785b4,Edita,Hurl,ehurl1f,+20 (151) 658-7842,ehurl1f@studiopress.com,T6W2sus3
53,754c461b-b159-456a-a4d6-bca0230ec578,Garrik,Capun,,+62 (418) 965-5552,gcapun1g@digg.com,uZaoswXr
54,a892a55c-3afa-4566-9af0-f55fe39ec187,Tannie,Hartopp,,+62 (974) 553-9436,thartopp1h@usa.gov,Br9oTjPV
55,c823f83f-e420-4105-b173-3a259446be62,Alli,Erdis,aerdis1i,+7 (388) 814-5401,aerdis1i@tumblr.com,CabICFrqmr
56,2b48800c-9bc0-4a1a-92d8-4b5d0417ae64,Ervin,Locke,elocke1j,+63 (858) 874-3217,elocke1j@admin.ch,bmZUIt
57,8ef32c6c-666f-44c7-9e90-9035524477fd,Dolorita,Wheowall,dwheowall1k,+93 (312) 848-2363,dwheowall1k@ifeng.com,3uKIZcowx
58,43230937-12aa-4d59-8e0c-8298fb66391a,Jerry,Culy,,+220 (190) 507-3434,jculy1l@godaddy.com,5JM9ez
59,24cefe5e-c5cc-4036-b5c1-cf3a993e12cc,Skyler,Whytock,,+358 (261) 352-7814,swhytock1m@flavors.me,Q4AWhuzsiPP
60,5e1b54dc-190f-4728-bf72-d7d25fd5adab,Florence,Pratley,fpratley1n,+385 (766) 473-0438,fpratley1n@theguardian.com,gTJt5KIzwDE
61,421d5886-8c07-4a19-a51f-abb9e48bba08,Emmy,Kuhnke,ekuhnke1o,+48 (917) 941-4350,ekuhnke1o@nature.com,lZpWRE
62,12c2aeb3-c172-4d96-8911-5f870a593d23,Vincenz,Purry,vpurry1p,+86 (752) 739-8768,vpurry1p@newyorker.com,x6FRhddu1d
63,d089b8e8-4f91-49c2-8cd8-63859cdd6bf6,Barnabas,Cash,,+45 (234) 933-5013,bcash1q@rambler.ru,55OM6CrdlMO
64,fdee51b8-d37b-4fc1-90d7-998f4b1c744a,Zara,Exton,,+86 (951) 712-1003,zexton1r@engadget.com,ulz8bXvxEc
65,59219bd8-aacd-4d9a-aa10-0f00913c5758,Rosabella,Helder,,+62 (642) 165-6804,rhelder1s@simplemachines.org,wCmjXWYwW6FU
66,82178a7b-2dd6-44ea-a03f-bdbe232e2f9b,Wynne,Guitte,,+86 (583) 822-4821,wguitte1t@admin.ch,4RYXP9PmCJ6
67,e5c00222-69ce-4d0b-996a-d08092a7caba,Bryana,Elvish,,+81 (490) 112-7109,belvish1u@weibo.com,6DoYs2ENHZL
68,328307c9-2364-45ff-a5e3-8910a4e25bbb,Lucias,Arminger,,+963 (156) 288-5519,larminger1v@epa.gov,IHFpvp6
69,f6cf1ccb-f37e-4e85-be3c-de0125eedffe,Allianora,Waight,awaight1w,+56 (788) 136-2651,awaight1w@blogspot.com,PivDVdlDXkuU
70,b6cd949b-3cfe-4b2d-a861-57134bdbe769,Sapphire,Kellert,,+63 (728) 634-0304,skellert1x@ucsd.edu,NgIqFFn8M
71,bbe21378-dedf-442a-8c05-f15dc49dd954,Rodger,Styant,,+86 (276) 703-0961,rstyant1y@a8.net,ebfViG
72,105de098-c498-482c-8887-8461c6d08549,Chanda,Dumberell,cdumberell1z,+86 (499) 681-2264,cdumberell1z@yale.edu,P1NbnnkCo6eY
73,79367b1a-6a12-4d6b-9c56-69af897bbbf7,Bibi,Devereux,bdevereux20,+86 (792) 443-2102,bdevereux20@w3.org,PtmwrVl3kJ
74,d4a6ef9e-eb42-4619-b271-df2fc9a434b2,Adela,Bissett,abissett21,+86 (159) 911-8336,abissett21@tinyurl.com,EicrAhzKWIiA
75,5459a6c9-b1ac-4955-a86a-85f95ef4b949,Sax,Padley,,+420 (215) 291-8001,spadley22@linkedin.com,JtxzZFd4kAi
76,a735813e-0f9d-4ecd-b191-011dfa782b7e,Von,Bishell,vbishell23,+86 (284) 648-6159,vbishell23@shinystat.com,g62cboR
77,953c919d-8d82-4c91-8343-a29f67cae9ab,Odo,Gussin,,+56 (495) 257-5345,ogussin24@hubpages.com,pnHjIBmcYi
78,2a7b62b7-cf2e-4a41-9371-33fc22f57eb7,Lexis,Atherley,,+7 (123) 336-4346,latherley25@nymag.com,39KOOoslZo
79,2bb9b262-fc4c-40a9-b643-6b7be7122f15,Madison,Kleinert,,+998 (425) 477-2210,mkleinert26@indiegogo.com,QJfbEHfreM12
80,37b13e33-d901-49cb-966c-8bfb69c24fdc,Phyllida,Brussels,,+63 (243) 278-4264,pbrussels27@theatlantic.com,jN8U2o5jRiwU
81,3b154061-1a7a-4dc9-8a1f-f89811567f7c,Shanna,Cyseley,scyseley28,+48 (124) 699-2300,scyseley28@ovh.net,auzGPZBYD
82,4781e129-59bd-4178-b0f9-5733e93fdd69,Bradly,Melhuish,bmelhuish29,+86 (727) 866-0645,bmelhuish29@tuttocitta.it,0dKzqqt
83,90c858d9-bd22-4b03-a6c6-4f12a8a0923c,Sibby,Hanner,,+46 (607) 917-4497,shanner2a@mediafire.com,0JUfs7F
84,0db48aa2-9e70-4a3c-b9d6-5124e5ecc8a2,Tonia,Gianiello,,+33 (675) 336-1549,tgianiello2b@msu.edu,N96PaXMOV
85,433d93d9-3faf-4d84-8d58-1ed301bdd2b0,Farr,Morman,,+33 (524) 840-9396,fmorman2c@privacy.gov.au,4QXLbPAKKTP
86,7d62baf7-a514-4530-9a44-6f8550d8486d,Jania,Mewe,,+86 (159) 684-5012,jmewe2d@unblog.fr,FZWZ5ksMg2
87,da105b05-30f1-456a-9c53-0b9373bdee33,Norean,Doucette,,+380 (512) 903-1901,ndoucette2e@abc.net.au,azeXEI
88,36d21f74-385d-4f4c-aad9-52a356e616b0,Livia,Scain,lscain2f,+63 (324) 706-3588,lscain2f@yale.edu,YKz9DbKghX
89,b56cf044-1ca8-4d23-8727-8c1840b097d5,Addy,Joire,ajoire2g,+51 (913) 409-7148,ajoire2g@house.gov,X7rxpx
90,eb25abf4-dbf8-452e-be00-96c08b6bda4e,Helena,Deyenhardt,hdeyenhardt2h,+81 (375) 112-5525,hdeyenhardt2h@reddit.com,8CUDi8BliwB
91,76cd1911-af0b-4b18-a9bd-03208e32c8d5,Gannie,Crenshaw,,+47 (320) 975-3775,gcrenshaw2i@earthlink.net,tUmYucqiD8
92,82a5907b-9749-412c-b716-12764fe3bae5,Case,Gopsall,cgopsall2j,+46 (857) 523-4516,cgopsall2j@wisc.edu,0YOIiI
93,e18f4ca6-db3c-4b48-bde7-6cbf22844b37,Leonhard,Fair,,+62 (876) 875-2212,lfair2k@google.co.jp,dsx2dId
94,d52751a7-3359-49a1-a9d4-30ce673c5f31,Annice,Morrowe,,+86 (455) 778-0458,amorrowe2l@example.com,s7BnBvnp
95,d1997278-869c-4204-8b4b-e97e812c06a4,Craggie,Spoors,,+62 (551) 565-2774,cspoors2m@comcast.net,scshcVtsLE
96,87a4cd57-aea8-4ec9-9743-c491456bcd07,Sayre,Mears,,+86 (238) 102-8741,smears2n@rediff.com,v7kxkrU6Fxq
97,0da69eaa-7724-4caa-b672-3680f7edb7ed,Cordy,Rutland,crutland2o,+86 (396) 128-5075,crutland2o@nba.com,7L4b6g
98,8b966c28-d220-447d-a569-2420163fd10b,Hailey,Sutton,hsutton2p,+62 (477) 405-5129,hsutton2p@1688.com,v5LYARveSbS
99,df44248b-cb65-4d79-95b3-5da0950b5968,Ealasaid,Medgewick,,+86 (304) 510-9433,emedgewick2q@arizona.edu,syU3Q0fYc6Jd
100,f7a1814c-99d2-41cf-8f07-53e0dd4c672c,Corena,Brenston,,+86 (499) 915-2179,cbrenston2r@google.co.uk,rZjWcm
